<?xml version="1.0" encoding="UTF-8"?>
<project-private xmlns="http://www.netbeans.org/ns/project-private/1">
    <editor-bookmarks xmlns="http://www.netbeans.org/ns/editor-bookmarks/2" lastBookmarkId="0"/>
    <open-files xmlns="http://www.netbeans.org/ns/projectui-open-files/2">
        <group>
            <file>file:/C:/Users/tysco/Downloads/stevenrbrandt-BasicGraphics-08d7e4e%20(1)/stevenrbrandt-BasicGraphicsFinal-08d7e4e/src/PingPong/CollisionEventType.java</file>
            <file>file:/C:/Users/tysco/Downloads/stevenrbrandt-BasicGraphics-08d7e4e%20(1)/stevenrbrandt-BasicGraphicsFinal-08d7e4e/src/PingPong/GameButton.java</file>
            <file>file:/C:/Users/tysco/Downloads/stevenrbrandt-BasicGraphics-08d7e4e%20(1)/stevenrbrandt-BasicGraphicsFinal-08d7e4e/src/PingPong/SpriteCollisionEvent.java</file>
            <file>file:/C:/Users/tysco/Downloads/stevenrbrandt-BasicGraphics-08d7e4e%20(1)/stevenrbrandt-BasicGraphicsFinal-08d7e4e/src/boardgame/Piece.java</file>
            <file>file:/C:/Users/tysco/Downloads/stevenrbrandt-BasicGraphics-08d7e4e%20(1)/stevenrbrandt-BasicGraphicsFinal-08d7e4e/src/basicgraphics/Clock.java</file>
            <file>file:/C:/Users/tysco/Downloads/stevenrbrandt-BasicGraphics-08d7e4e%20(1)/stevenrbrandt-BasicGraphicsFinal-08d7e4e/src/basicgraphics/KeyWrapper.java</file>
            <file>file:/C:/Users/tysco/Downloads/stevenrbrandt-BasicGraphics-08d7e4e%20(1)/stevenrbrandt-BasicGraphicsFinal-08d7e4e/src/boardgame/Board.java</file>
            <file>file:/C:/Users/tysco/Downloads/stevenrbrandt-BasicGraphics-08d7e4e%20(1)/stevenrbrandt-BasicGraphicsFinal-08d7e4e/src/PingPong/CollisionState.java</file>
            <file>file:/C:/Users/tysco/Downloads/stevenrbrandt-BasicGraphics-08d7e4e%20(1)/stevenrbrandt-BasicGraphicsFinal-08d7e4e/src/robosorter/Board.java</file>
            <file>file:/C:/Users/tysco/Downloads/stevenrbrandt-BasicGraphics-08d7e4e%20(1)/stevenrbrandt-BasicGraphicsFinal-08d7e4e/src/PingPong/TaskRunner.java</file>
            <file>file:/C:/Users/tysco/Downloads/stevenrbrandt-BasicGraphics-08d7e4e%20(1)/stevenrbrandt-BasicGraphicsFinal-08d7e4e/src/basicgraphics/BasicFrame.java</file>
            <file>file:/C:/Users/tysco/Downloads/stevenrbrandt-BasicGraphics-08d7e4e%20(1)/stevenrbrandt-BasicGraphicsFinal-08d7e4e/src/basicgraphics/Bounds.java</file>
            <file>file:/C:/Users/tysco/Downloads/stevenrbrandt-BasicGraphics-08d7e4e%20(1)/stevenrbrandt-BasicGraphicsFinal-08d7e4e/src/PingPong/Bounds.java</file>
            <file>file:/C:/Users/tysco/Downloads/stevenrbrandt-BasicGraphics-08d7e4e%20(1)/stevenrbrandt-BasicGraphicsFinal-08d7e4e/src/PingPong/GamePaddles.java</file>
            <file>file:/C:/Users/tysco/Downloads/stevenrbrandt-BasicGraphics-08d7e4e%20(1)/stevenrbrandt-BasicGraphicsFinal-08d7e4e/src/PingPong/GameText.java</file>
            <file>file:/C:/Users/tysco/Downloads/stevenrbrandt-BasicGraphics-08d7e4e%20(1)/stevenrbrandt-BasicGraphicsFinal-08d7e4e/src/PingPong/Task.java</file>
            <file>file:/C:/Users/tysco/Downloads/stevenrbrandt-BasicGraphics-08d7e4e%20(1)/stevenrbrandt-BasicGraphicsFinal-08d7e4e/src/PingPong/FileUtility.java</file>
            <file>file:/C:/Users/tysco/Downloads/stevenrbrandt-BasicGraphics-08d7e4e%20(1)/stevenrbrandt-BasicGraphicsFinal-08d7e4e/src/basicgraphics/SpriteCollisionEvent.java</file>
            <file>file:/C:/Users/tysco/Downloads/stevenrbrandt-BasicGraphics-08d7e4e%20(1)/stevenrbrandt-BasicGraphicsFinal-08d7e4e/src/PingPong/BasicLayoutException.java</file>
            <file>file:/C:/Users/tysco/Downloads/stevenrbrandt-BasicGraphics-08d7e4e%20(1)/stevenrbrandt-BasicGraphicsFinal-08d7e4e/src/PingPong/ByNameLayout.java</file>
            <file>file:/C:/Users/tysco/Downloads/stevenrbrandt-BasicGraphics-08d7e4e%20(1)/stevenrbrandt-BasicGraphicsFinal-08d7e4e/src/basicgraphics/BadComponent.java</file>
            <file>file:/C:/Users/tysco/Downloads/stevenrbrandt-BasicGraphics-08d7e4e%20(1)/stevenrbrandt-BasicGraphicsFinal-08d7e4e/src/basicgraphics/Sprite.java</file>
            <file>file:/C:/Users/tysco/Downloads/stevenrbrandt-BasicGraphics-08d7e4e%20(1)/stevenrbrandt-BasicGraphicsFinal-08d7e4e/src/PingPong/BadComponent.java</file>
            <file>file:/C:/Users/tysco/Downloads/stevenrbrandt-BasicGraphics-08d7e4e%20(1)/stevenrbrandt-BasicGraphicsFinal-08d7e4e/src/PingPong/GameScore.java</file>
            <file>file:/C:/Users/tysco/Downloads/stevenrbrandt-BasicGraphics-08d7e4e%20(1)/stevenrbrandt-BasicGraphicsFinal-08d7e4e/src/PingPong/BasicContainer.java</file>
            <file>file:/C:/Users/tysco/Downloads/stevenrbrandt-BasicGraphics-08d7e4e%20(1)/stevenrbrandt-BasicGraphicsFinal-08d7e4e/src/robosorter/MartianEgg.java</file>
            <file>file:/C:/Users/tysco/Downloads/stevenrbrandt-BasicGraphics-08d7e4e%20(1)/stevenrbrandt-BasicGraphicsFinal-08d7e4e/src/PingPong/Clock.java</file>
            <file>file:/C:/Users/tysco/Downloads/stevenrbrandt-BasicGraphics-08d7e4e%20(1)/stevenrbrandt-BasicGraphicsFinal-08d7e4e/src/PingPong/GuiException.java</file>
            <file>file:/C:/Users/tysco/Downloads/stevenrbrandt-BasicGraphics-08d7e4e%20(1)/stevenrbrandt-BasicGraphicsFinal-08d7e4e/src/PingPong/KeyWrapper.java</file>
            <file>file:/C:/Users/tysco/Downloads/stevenrbrandt-BasicGraphics-08d7e4e%20(1)/stevenrbrandt-BasicGraphicsFinal-08d7e4e/src/PingPong/BasicFrame.java</file>
            <file>file:/C:/Users/tysco/Downloads/stevenrbrandt-BasicGraphics-08d7e4e%20(1)/stevenrbrandt-BasicGraphicsFinal-08d7e4e/src/PingPong/Sprite.java</file>
            <file>file:/C:/Users/tysco/Downloads/stevenrbrandt-BasicGraphics-08d7e4e%20(1)/stevenrbrandt-BasicGraphicsFinal-08d7e4e/src/lightsout/LightsOutGame.java</file>
            <file>file:/C:/Users/tysco/Downloads/stevenrbrandt-BasicGraphics-08d7e4e%20(1)/stevenrbrandt-BasicGraphicsFinal-08d7e4e/src/walkthedog/WalkDog.java</file>
            <file>file:/C:/Users/tysco/Downloads/stevenrbrandt-BasicGraphics-08d7e4e%20(1)/stevenrbrandt-BasicGraphicsFinal-08d7e4e/src/PingPong/MouseWrapper.java</file>
            <file>file:/C:/Users/tysco/Downloads/stevenrbrandt-BasicGraphics-08d7e4e%20(1)/stevenrbrandt-BasicGraphicsFinal-08d7e4e/src/PingPong/GameFrame.java</file>
            <file>file:/C:/Users/tysco/Downloads/stevenrbrandt-BasicGraphics-08d7e4e%20(1)/stevenrbrandt-BasicGraphicsFinal-08d7e4e/src/boardgame/Move.java</file>
            <file>file:/C:/Users/tysco/Downloads/stevenrbrandt-BasicGraphics-08d7e4e%20(1)/stevenrbrandt-BasicGraphicsFinal-08d7e4e/src/boardgame/MoveListener.java</file>
            <file>file:/C:/Users/tysco/Downloads/stevenrbrandt-BasicGraphics-08d7e4e%20(1)/stevenrbrandt-BasicGraphicsFinal-08d7e4e/src/boardgame/Player.java</file>
            <file>file:/C:/Users/tysco/Downloads/stevenrbrandt-BasicGraphics-08d7e4e%20(1)/stevenrbrandt-BasicGraphicsFinal-08d7e4e/src/basicgraphics/BasicContainer.java</file>
            <file>file:/C:/Users/tysco/Downloads/stevenrbrandt-BasicGraphics-08d7e4e%20(1)/stevenrbrandt-BasicGraphicsFinal-08d7e4e/src/boardgame/Game.java</file>
            <file>file:/C:/Users/tysco/Downloads/stevenrbrandt-BasicGraphics-08d7e4e%20(1)/stevenrbrandt-BasicGraphicsFinal-08d7e4e/src/robosorter/EggSorter.java</file>
            <file>file:/C:/Users/tysco/Downloads/stevenrbrandt-BasicGraphics-08d7e4e%20(1)/stevenrbrandt-BasicGraphicsFinal-08d7e4e/src/PingPong/GameBall.java</file>
            <file>file:/C:/Users/tysco/Downloads/stevenrbrandt-BasicGraphics-08d7e4e%20(1)/stevenrbrandt-BasicGraphicsFinal-08d7e4e/src/PingPong/GamePanel.java</file>
            <file>file:/C:/Users/tysco/Downloads/stevenrbrandt-BasicGraphics-08d7e4e%20(1)/stevenrbrandt-BasicGraphicsFinal-08d7e4e/src/PingPong/PongGame.java</file>
            <file>file:/C:/Users/tysco/Downloads/stevenrbrandt-BasicGraphics-08d7e4e%20(1)/stevenrbrandt-BasicGraphicsFinal-08d7e4e/src/PingPong/SpriteComponent.java</file>
            <file>file:/C:/Users/tysco/Downloads/stevenrbrandt-BasicGraphics-08d7e4e%20(1)/stevenrbrandt-BasicGraphicsFinal-08d7e4e/src/PingPong/SpriteSpriteCollisionListener.java</file>
            <file>file:/C:/Users/tysco/Downloads/stevenrbrandt-BasicGraphics-08d7e4e%20(1)/stevenrbrandt-BasicGraphicsFinal-08d7e4e/src/PingPong/ErrorComponent.java</file>
            <file>file:/C:/Users/tysco/Downloads/stevenrbrandt-BasicGraphics-08d7e4e%20(1)/stevenrbrandt-BasicGraphicsFinal-08d7e4e/src/basicflyer/Falcon.java</file>
        </group>
    </open-files>
</project-private>
